UniProtID,Peptide
http://www.uniprot.org/uniprot/P9WNK7,AAASAIQGNVTSIHSL
http://www.uniprot.org/uniprot/P9WNK5,AAGTAAQAAVVRFQE
http://www.uniprot.org/uniprot/P9WQP1,AAIGLSMAGSSAMILAAYHP
http://www.uniprot.org/uniprot/P9WMJ9,AAVAEAEG
http://www.uniprot.org/uniprot/P9WQP1,AAVVLPGLVGLAGGAATAGA
http://www.uniprot.org/uniprot/P9WNK5,ADEEQQQALSSQMGF
http://www.uniprot.org/uniprot/P9WMJ9,AEAEGGTW
http://www.uniprot.org/uniprot/P9WMJ9,AEGGTWRI
http://www.uniprot.org/uniprot/P9WQP3,AGGGHNGVFDFPDSG
http://www.uniprot.org/uniprot/P9WQP1,AGGYKAADMWGPSSD
http://www.uniprot.org/uniprot/P9WQP1,AGGYKAADMWGPSSDPAWER
http://www.uniprot.org/uniprot/P9WMJ9,AGPGVAGS
http://www.uniprot.org/uniprot/P9WMJ9,AGSGASDL
http://www.uniprot.org/uniprot/P9WQP1,ALLDPSQGMGPSLIGLAMGD
http://www.uniprot.org/uniprot/P9WQP1,ANRAVKPTGSAAIGL
http://www.uniprot.org/uniprot/P9WQP1,ANRAVKPTGSAAIGLSMAGS
http://www.uniprot.org/uniprot/P9WQP3,ANRHVKPTGSAVVGL
http://www.uniprot.org/uniprot/P9WNK5,AQAAVVRFQEAANKQ
http://www.uniprot.org/uniprot/P9WPE5,ARDVLAVVSK
http://www.uniprot.org/uniprot/P9WMJ9,ASDLRSSS
,ASMLGTVTNSPGVPAVPWGA
http://www.uniprot.org/uniprot/P9WMJ9,AVAEAEGG
http://www.uniprot.org/uniprot/P9WQP1,CGNGTPNELGGANIPAEFLE
http://www.uniprot.org/uniprot/P9WMJ9,CPPRRRAG
http://www.uniprot.org/uniprot/P9WMJ9,CVTGHWRC
http://www.uniprot.org/uniprot/P9WGU1,DAATAQTLQAFLHWAITDGN
http://www.uniprot.org/uniprot/P9WMJ9,DAAVAEAE
http://www.uniprot.org/uniprot/P9WQP1,DIKVQFQSGGNNSPAVYLLD
http://www.uniprot.org/uniprot/P9WPE5,DKILVQANEAETTTA
http://www.uniprot.org/uniprot/P9WMJ9,DLRSSSGC
http://www.uniprot.org/uniprot/P9WHZ5,DNIGNANIGFGN
http://www.uniprot.org/uniprot/P9WHZ5,DNIGNANIGFGNRGDANIGIGNIGDRNLGIGNTGNW
http://www.uniprot.org/uniprot/P9WGU1,DQVHFQPLPPAVVKLSDALI
http://www.uniprot.org/uniprot/P9WHZ5,DRNLGIGNTGNW
http://www.uniprot.org/uniprot/P9WMJ9,DTLNKVDA
http://www.uniprot.org/uniprot/P9WQP1,DWYSPACGKAGCQTYKWETF
http://www.uniprot.org/uniprot/P9WMJ9,EAEGGTWR
http://www.uniprot.org/uniprot/P9WMJ9,EAGPGVAG
http://www.uniprot.org/uniprot/P9WMJ9,EDTLNKVD
http://www.uniprot.org/uniprot/P9WMJ9,EGGTWRIG
http://www.uniprot.org/uniprot/P9WMJ9,EKFVKEQR
http://www.uniprot.org/uniprot/P9WPE5,ETTTASGLVIPDTAK
http://www.uniprot.org/uniprot/P9WMJ9,FGHQVGDG
http://www.uniprot.org/uniprot/P9WPE7,FGLQLELTEGMRFDK
http://www.uniprot.org/uniprot/P9WQP1,FSRPGLPVEYLQVPSPSMGR
http://www.uniprot.org/uniprot/P9WQP1,GANIPAEFLENFVRSSNLKF
http://www.uniprot.org/uniprot/P9WMJ9,GASDLRSS
http://www.uniprot.org/uniprot/P9WQP1,GCQTYKWETFLTSELPQWLS
http://www.uniprot.org/uniprot/P9WMJ9,GEAGPGVA
http://www.uniprot.org/uniprot/Q6MWX9,GFKVRPSFSFFAVGPDGMP
http://www.uniprot.org/uniprot/P9WMJ9,GGTWRIGY
http://www.uniprot.org/uniprot/P9WMJ9,GHQVGDGE
http://www.uniprot.org/uniprot/P9WMJ9,GHWRCPPR
http://www.uniprot.org/uniprot/P9WHZ5,GIGNIGDRNLGI
http://www.uniprot.org/uniprot/P9WMK1,GKPTEKHIQIRSTN
http://www.uniprot.org/uniprot/P9WQP1,GLRAQDDYNGWDINTPAFEW
http://www.uniprot.org/uniprot/P9WNK5,GNFERISGDLKTQID
http://www.uniprot.org/uniprot/P9WHZ5,GNPNRPDGGILT
http://www.uniprot.org/uniprot/P9WMJ9,GPGVAGSG
,GPRLYGEMTMQGTRKPRPSGP
http://www.uniprot.org/uniprot/P9WQP1,GPSSDPAWERNDPTQQIPKL
http://www.uniprot.org/uniprot/P9WMJ9,GSGASDLR
http://www.uniprot.org/uniprot/Q6MWX9,GSINTGWFNTGNANTG
http://www.uniprot.org/uniprot/P9WMJ9,GSKVPEDT
http://www.uniprot.org/uniprot/P9WPE5,GTVVAVGPGRWDEDG
http://www.uniprot.org/uniprot/P9WMJ9,GVAGSGAS
http://www.uniprot.org/uniprot/P9WIN9,GVIFFFNPGELLPEA
http://www.uniprot.org/uniprot/P9WMJ9,GYFGHQVG
http://www.uniprot.org/uniprot/P9WIN9,HPTTTYKAFDWDQAYRKPIT
http://www.uniprot.org/uniprot/P9WMJ9,HQVGDGEA
http://www.uniprot.org/uniprot/P9WMJ9,HWRCPPRR
http://www.uniprot.org/uniprot/P9WMJ9,IGYFGHQV
,INFNCEVWSNVSETISGPRLY
http://www.uniprot.org/uniprot/P9WNK5,ISGDLKTQIDQVEST
http://www.uniprot.org/uniprot/P9WMJ9,KFVKEQRE
http://www.uniprot.org/uniprot/P9WNK5,KQELDEISTNIRQAG
http://www.uniprot.org/uniprot/P9WNK5,KTQIDQVESTAGSLQ
http://www.uniprot.org/uniprot/P9WMJ9,KVPEDTLN
http://www.uniprot.org/uniprot/P9WQP1,LAGGAATAGAFSRPGLPVEY
http://www.uniprot.org/uniprot/P9WNK5,LAQEAGNFERISGDL
http://www.uniprot.org/uniprot/P9WNK7,LDEGKQSLTKLAAAWG
http://www.uniprot.org/uniprot/P9WPE5,LDVAEGDTVIYSKYG
http://www.uniprot.org/uniprot/P9WNK5,LKTQIDQVESTAG
http://www.uniprot.org/uniprot/P9WQP1,LNAMKGDLQSSLGAG
http://www.uniprot.org/uniprot/P9WMJ9,LNKVDAAV
http://www.uniprot.org/uniprot/P9WQN7,LPDWLAANRGLAPGG
http://www.uniprot.org/uniprot/P9WNK3,LQSLGAEIAVEQAAL
http://www.uniprot.org/uniprot/P9WQP1,LQVPSPSMGRDIKVQFQSGG
http://www.uniprot.org/uniprot/P9WMJ9,LRSSSGCV
http://www.uniprot.org/uniprot/P9WHZ5,LSFTLTGNPNRP
http://www.uniprot.org/uniprot/P9WQP1,LSIVMPVGGQSSFYS
http://www.uniprot.org/uniprot/P9WQP1,LTSELPQWLSANRAVKPTGS
http://www.uniprot.org/uniprot/P9WMJ9,LVYQTEKF
http://www.uniprot.org/uniprot/P9WNK5,MAEMKTDAATLAQEA
http://www.uniprot.org/uniprot/P9WPE5,MAKVNIKPLEDKILV
,MLGNAPSVVPNTTLGM
,MLGTGTPNRARINFNC
http://www.uniprot.org/uniprot/P9WQP1,MTDVSRKIRAWGRRLMIGTA
http://www.uniprot.org/uniprot/P9WNK7,MTEQQWNFAGIEAAAS
http://www.uniprot.org/uniprot/P9WQP1,NAVFNFPPNGTHSWEYWGAQ
http://www.uniprot.org/uniprot/P9WQP1,NDPTQQIPKLVANNTRLWVY
http://www.uniprot.org/uniprot/P9WPE5,NGEEYLILSARDVLA
http://www.uniprot.org/uniprot/P9WHZ5,NIGFGNRGDANI
http://www.uniprot.org/uniprot/P9WIN9,NITSATYQSAIPPRGTQAVV
http://www.uniprot.org/uniprot/P9WMJ9,NKVDAAVA
http://www.uniprot.org/uniprot/P9WQP1,NNSPAVYLLDGLRAQDDYNG
http://www.uniprot.org/uniprot/P9WNK7,NVTSIHSLLDEGKQSL
http://www.uniprot.org/uniprot/P9WQN7,PAGGAYSMYTNWEQD
http://www.uniprot.org/uniprot/P9WPE5,PDTAKEKPQEGTVVA
http://www.uniprot.org/uniprot/P9WMJ9,PEDTLNKV
http://www.uniprot.org/uniprot/P9WMJ9,PGVAGSGA
http://www.uniprot.org/uniprot/P9WQP1,PNGTHSWEYWGAQ
http://www.uniprot.org/uniprot/P9WMJ9,PPRRRAGR
http://www.uniprot.org/uniprot/P9WMJ9,PRRRAGRC
http://www.uniprot.org/uniprot/P9WQP3,PSDLGGNNLPAKFLE
http://www.uniprot.org/uniprot/P9WQP1,PSLIGLAMGDAGGYKAADMW
http://www.uniprot.org/uniprot/P9WQP1,PVGGQSSFYSDWYSPACGKA
http://www.uniprot.org/uniprot/P9WQP1,QDAYNAAGGHNAVFNFPPNG
http://www.uniprot.org/uniprot/P9WNK5,QEAGNFERISGDLKT
http://www.uniprot.org/uniprot/P0A4V2,QPACRKAGCQTYKWE
http://www.uniprot.org/uniprot/P9WQP1,QQFIYAGSLSALLDPSQGMG
http://www.uniprot.org/uniprot/P9WNK7,QQKWDATATELNN
http://www.uniprot.org/uniprot/P9WMJ9,QTEKFVKE
http://www.uniprot.org/uniprot/P9WMJ9,QVGDGEAG
http://www.uniprot.org/uniprot/P9WMJ9,RAGRCPPR
http://www.uniprot.org/uniprot/P9WMJ9,RCPPRRRA
http://www.uniprot.org/uniprot/P9WMK1,RDGQLTIKAERTEQKDFDGR
http://www.uniprot.org/uniprot/P9WHZ5,RGDANIGIGNIG
http://www.uniprot.org/uniprot/P9WMJ9,RIGYFGHQ
http://www.uniprot.org/uniprot/P9WHZ5,RPGLDELSFTLT
http://www.uniprot.org/uniprot/P9WHZ5,RPGLDELSFTLTGNPNRPDGGILT
http://www.uniprot.org/uniprot/P9WMJ9,RRAGRCPP
http://www.uniprot.org/uniprot/P9WMJ9,RRRAGRCP
http://www.uniprot.org/uniprot/P9WMJ9,RSSSGCVT
http://www.uniprot.org/uniprot/P9WMK1,RTEQKDFDGRSEFAYGSFVR
http://www.uniprot.org/uniprot/P9WQP1,SAMILAAYHPQQFIYAGSLS
http://www.uniprot.org/uniprot/P9WMJ9,SDLRSSSG
http://www.uniprot.org/uniprot/P9WMJ9,SGASDLRS
http://www.uniprot.org/uniprot/P9WMJ9,SKVPEDTL
http://www.uniprot.org/uniprot/P9WMJ9,SSGCVTGH
http://www.uniprot.org/uniprot/P9WMJ9,SSSGCVTG
http://www.uniprot.org/uniprot/P9WNK7,STEGNVTGMFA
http://www.uniprot.org/uniprot/P9WMJ9,TEKFVKEQ
http://www.uniprot.org/uniprot/P9WMJ9,TGHWRCPP
http://www.uniprot.org/uniprot/P9WQP1,THSWEYWGAQLNAMKGDLQS
http://www.uniprot.org/uniprot/P9WMJ9,TLNKVDAA
,TTLGMHCGSFGSAPSNG
http://www.uniprot.org/uniprot/P9WMK1,TVSLPVGADEDDIKATYDKG
http://www.uniprot.org/uniprot/P9WMJ9,VAEAEGGT
http://www.uniprot.org/uniprot/P9WMJ9,VAGSGASD
http://www.uniprot.org/uniprot/P09621,VAKVNIKPLEDKILV
http://www.uniprot.org/uniprot/P9WQP1,VANNTRLWVYCGNGTPNELG
http://www.uniprot.org/uniprot/P9WMJ9,VGDGEAGP
http://www.uniprot.org/uniprot/P9WQP3,VMPVGGQSSFYSDWY
http://www.uniprot.org/uniprot/P9WMJ9,VPEDTLNK
http://www.uniprot.org/uniprot/P9WMJ9,VTGHWRCP
http://www.uniprot.org/uniprot/P9WMJ9,VYQTEKFV
http://www.uniprot.org/uniprot/P9WPE5,WDEDGEKRIPLDVAE
http://www.uniprot.org/uniprot/P9WQP1,WDINTPAFEWYYQSGLSIVM
http://www.uniprot.org/uniprot/P9WQP1,WGRRLMIGTAAAVVLPGLVG
,WLKLGLVEFGGVAKLNAEVMS
http://www.uniprot.org/uniprot/P9WMJ9,WRCPPRRR
http://www.uniprot.org/uniprot/P9WMJ9,WRIGYFGH
http://www.uniprot.org/uniprot/P9WMJ9,YFGHQVGD
http://www.uniprot.org/uniprot/P9WPE5,YNGEEYLILSARDVL
http://www.uniprot.org/uniprot/P9WMJ9,YQTEKFVK
http://www.uniprot.org/uniprot/P9WQP1,YYQSGLSIVMPVGGQSSFYS
http://www.uniprot.org/uniprot/P9WIP9,AAPAKKAAPAKKAAA + METH(K179)
http://www.uniprot.org/uniprot/P9WIP9,"AAPAKKAAPAKKAAA + METH(K179, K180)"
http://www.uniprot.org/uniprot/P9WIP9,IELPKKAAPAKKAAP + METH(K167)
http://www.uniprot.org/uniprot/P9WG67,DFWATWCGPCKMVAPVLEEI
http://www.uniprot.org/uniprot/P9WG67,GAKGKAALLRELSDVVPNLN
http://www.uniprot.org/uniprot/P9WNE5,GEQFMQWFLQEQIEEVALMA
http://www.uniprot.org/uniprot/P9WG67,KMVAPVLEEIATERATDLTV
http://www.uniprot.org/uniprot/P9WNE5,MLVQHLLDRDLRVEIPGVDT
http://www.uniprot.org/uniprot/P9WNF5,AAAGDLVGPGCAEYA
http://www.uniprot.org/uniprot/P9WNF3,AAASLAAIAIAFLAG
http://www.uniprot.org/uniprot/P9WGU1,AAHKGLMNIALAISA
http://www.uniprot.org/uniprot/L7N675,AAQAVQTAAQNGVRA
http://www.uniprot.org/uniprot/P9WGT9,ACGGGTNSSSSGAGG
http://www.uniprot.org/uniprot/P9WPE5,AEGDTVIYSKYGGTE
http://www.uniprot.org/uniprot/P9WMX7,AFDLDRLLFKRNICH
http://www.uniprot.org/uniprot/P9WGU1,AFLHWAITDGNKASF
http://www.uniprot.org/uniprot/P9WGU1,AGAGTVATTPASSPV
http://www.uniprot.org/uniprot/Q6MWX9,AGFTAPATTLLSALG
http://www.uniprot.org/uniprot/P9WGU1,AGTVNIGASDAYLSE
http://www.uniprot.org/uniprot/P9WFR1,AIANAYWSPQARRRF
http://www.uniprot.org/uniprot/P9WGY7,AKVRRERMGHIELAA
http://www.uniprot.org/uniprot/Q6MWX9,ALMSGNFSNGILWRG
http://www.uniprot.org/uniprot/Q8VKQ6,ALTGLGDKFGESIVN
http://www.uniprot.org/uniprot/P9WNK3,AMEDLVRAYHAMSST
http://www.uniprot.org/uniprot/P9WNK3,AMMARDTAEAAKWGG
http://www.uniprot.org/uniprot/P9WGT7,AQAQHLTMANIVTSA
http://www.uniprot.org/uniprot/P9WGU1,ASFLDQVHFQPLPPA
http://www.uniprot.org/uniprot/P9WIP1,ATIPQGEQSTGKIYF
http://www.uniprot.org/uniprot/P9WGY7,AYVITSVDEEMRHNE
http://www.uniprot.org/uniprot/P9WNF5,CGGVSTANATVYMID
http://www.uniprot.org/uniprot/P9WGU1,CVAYIGISFLDQASQ
http://www.uniprot.org/uniprot/P9WKL1,DEMTRVIWKLIKDML
http://www.uniprot.org/uniprot/P9WGU1,DGYPIINYEYAIVNN
http://www.uniprot.org/uniprot/P9WN09,DPRYNQLLGPLPFRH
http://www.uniprot.org/uniprot/O07175,DRFADFPALPLDPSA
http://www.uniprot.org/uniprot/P9WJA3,DSIYYVDANASIQEM
http://www.uniprot.org/uniprot/P9WNF3,DTLNGGEYTVFAPTN
http://www.uniprot.org/uniprot/P9WJA9,DVGSLNGTYVNREPV
http://www.uniprot.org/uniprot/P9WQ59,DVVQHVARRPGESPP
http://www.uniprot.org/uniprot/P9WNJ3,EAEHQAIVRDVLAAG
http://www.uniprot.org/uniprot/P9WMK1,EDEMKEGRYEVRAEL
http://www.uniprot.org/uniprot/P9WGU1,EGWGKSPGFGTTVDF
http://www.uniprot.org/uniprot/P9WHE3,EKVAKEAADEAKAKL
http://www.uniprot.org/uniprot/Q7D9T1,EMIEAVGYRSWPRYF
http://www.uniprot.org/uniprot/P9WIN9,ENYIAQTRDKFLSAA
http://www.uniprot.org/uniprot/P9WGT7,ESGTTDNFQRYLQAA
http://www.uniprot.org/uniprot/P9WQB1,FCGRIHTRYSSAYEL
http://www.uniprot.org/uniprot/P9WHE3,FEETFEVTAAAPVAV
http://www.uniprot.org/uniprot/P9WNJ3,FGDVDAHGAMIRAQA
http://www.uniprot.org/uniprot/P9WJD3,FLGGFAGLPSLGFGN
http://www.uniprot.org/uniprot/P9WFR1,FPHHPIHTVPSEEVL
http://www.uniprot.org/uniprot/P9WMK1,FPSFAGLRPTFDTRL
http://www.uniprot.org/uniprot/I6Y231,FRMELLSLPQDEWAG
http://www.uniprot.org/uniprot/P9WNF5,GASVTVTGQGNSLKV
http://www.uniprot.org/uniprot/P9WJA3,GDDDRLHGMLTDRDI
http://www.uniprot.org/uniprot/I6Y936,GDLPTIGTAVSARNT
http://www.uniprot.org/uniprot/P9WNF5,GDLVGPGCAEYAAAN
http://www.uniprot.org/uniprot/O53611,GELDNRGSQFYLAMY
http://www.uniprot.org/uniprot/P9WJD9,GFLMPPSDGSGVTPG
http://www.uniprot.org/uniprot/P9WGY9,GFSEIMRSTLEKDNT
http://www.uniprot.org/uniprot/P9WGU1,GNKASFLDQVHFQPL
http://www.uniprot.org/uniprot/P9WGT9,GPGQEGLDQYGSIPL
http://www.uniprot.org/uniprot/P9WGY7,GVPSRLGYLLDLAPK
http://www.uniprot.org/uniprot/P9WJD3,GVYKVCKGLEKIPLL
http://www.uniprot.org/uniprot/I6Y231,GYIPILGAPWLADLV
http://www.uniprot.org/uniprot/P9WL63,GYPVHKPVTAGWNGY
http://www.uniprot.org/uniprot/P9WGY9,HGTCANQCPIVDAGD
http://www.uniprot.org/uniprot/P9WJD9,HQGQGGAKSKGSQQE
http://www.uniprot.org/uniprot/P9WGU1,HRSDGSGDTFLFTQY
http://www.uniprot.org/uniprot/P9WNF3,HVIAGQASPSRIDGT
http://www.uniprot.org/uniprot/Q7D9T1,HWLRPITPTFRPSWP
http://www.uniprot.org/uniprot/O53519,IADIEAYPQWISEYK
http://www.uniprot.org/uniprot/P9WNF3,IAFLAGCSSTKPVSQ
http://www.uniprot.org/uniprot/P9WQP1,IGLSMAGSSAMILAA
http://www.uniprot.org/uniprot/P9WFC9,ILKDESYKVTGTAPI
http://www.uniprot.org/uniprot/P9WIP1,IRGSVTPAVSQFNAR
http://www.uniprot.org/uniprot/P9WFL9,IRLAKCGPWHRGGWD
http://www.uniprot.org/uniprot/P9WGU1,ISMIDGPAPDGYPII
http://www.uniprot.org/uniprot/P9WJA9,ITSAGRHPDSDIFLD
http://www.uniprot.org/uniprot/P9WQD7,IVMSTNNDDPAGACR
http://www.uniprot.org/uniprot/P9WKL1,IWKLIKDMLILPYLD
http://www.uniprot.org/uniprot/P9WGY9,KAMLFDGRSGEPFPY
http://www.uniprot.org/uniprot/P9WGU1,KGLMNIALAISAQQV
http://www.uniprot.org/uniprot/P9WP43,KTINLCAPDDPICTG
http://www.uniprot.org/uniprot/O53611,KTLDAAIGKLLDNDK
http://www.uniprot.org/uniprot/P9WJD3,LAALPDFLGGFAGLP
http://www.uniprot.org/uniprot/P9WJQ9,LAPDTVPLAGVVLAG
http://www.uniprot.org/uniprot/I6Y231,LASTLTDALKSHGPQ
http://www.uniprot.org/uniprot/P9WJD3,LCKTTSNFIWGQLLL
http://www.uniprot.org/uniprot/P9WHE3,LEAAGDKKIGVIKVV
http://www.uniprot.org/uniprot/P9WPE7,LEPGVVAEKVRNLPA
http://www.uniprot.org/uniprot/P9WK17,LFSRVEDVLGLPQNT
http://www.uniprot.org/uniprot/P9WP43,LGDVGEAFVDSLTSQ
http://www.uniprot.org/uniprot/P9WGU1,LGENGNGGMVTGCAE
http://www.uniprot.org/uniprot/Q6MWX9,LGGGVGAFLNALFAG
http://www.uniprot.org/uniprot/P9WIP1,LGWKVSDLKSSTAVI
http://www.uniprot.org/uniprot/P9WMF9,LILTSYTSDEAMLDA
http://www.uniprot.org/uniprot/P9WGY9,LLDIYRKLRPGEPPT
http://www.uniprot.org/uniprot/L7N675,LMILIATNLLGQNTP
http://www.uniprot.org/uniprot/P9WJD9,LPADTAAQLTSAGRE
http://www.uniprot.org/uniprot/P9WGU1,LPGVSEHLKLNGKVL
http://www.uniprot.org/uniprot/P9WPE7,LPLLEKVIGAGKPLL
http://www.uniprot.org/uniprot/I6Y231,LQAHPHAVNGTAMRE
http://www.uniprot.org/uniprot/P9WFL9,LRPASCRFVPTCSQY
http://www.uniprot.org/uniprot/P9WGU1,LSEGDMAAHKGLMNI
http://www.uniprot.org/uniprot/P9WHZ5,LTTYILLPSQDLPLL
http://www.uniprot.org/uniprot/P9WPQ1,MAEDVRAEIVASVLE
http://www.uniprot.org/uniprot/P9WGU1,MNIALAISAQQVNYN
http://www.uniprot.org/uniprot/I6Y936,MSFVTIQPVVLAAAT
http://www.uniprot.org/uniprot/O33192,MTAHTHDGTRTWRTG
http://www.uniprot.org/uniprot/P9WHE3,MTLLELSDFVKKFEE
http://www.uniprot.org/uniprot/Q7D9T1,MWELYLAYSEAGFRS
http://www.uniprot.org/uniprot/P9WKL1,MWLSPNGTIRNILGG
http://www.uniprot.org/uniprot/O33192,NAFLTALTNAGIAYD
http://www.uniprot.org/uniprot/L7N675,NTPAIAVNEAEYGEM
http://www.uniprot.org/uniprot/P9WQP1,PAEFLENFVRSSNLK
http://www.uniprot.org/uniprot/P9WGT9,PDRSAERCGSPAWDL
http://www.uniprot.org/uniprot/P9WGY7,PETINYRTLKPEKDG
http://www.uniprot.org/uniprot/Q6MWX9,PFNVNLKLQFLHDAF
http://www.uniprot.org/uniprot/P9WJQ9,PGGTTTLVEHMVGIL
http://www.uniprot.org/uniprot/I6Y231,PGQGAYAAANSWVDV
http://www.uniprot.org/uniprot/P9WIP1,PGYPVAGQVWEATAT
http://www.uniprot.org/uniprot/I6Y231,PILGAPWLADLVRRS
http://www.uniprot.org/uniprot/Q6MWX9,PLDTPPAPAPPPFRL
http://www.uniprot.org/uniprot/I6Y231,PPGYDITALLQAHPH
http://www.uniprot.org/uniprot/P9WGT9,PPTPISVIFRSDKSG
http://www.uniprot.org/uniprot/P9WIP1,PVAGQVWEATATVNA
http://www.uniprot.org/uniprot/L7N675,PVIAENRAELMILIA
http://www.uniprot.org/uniprot/P9WJD3,QAQLISSQAQQGGQQ
http://www.uniprot.org/uniprot/P9WJD9,QAQYVAQLHVWARRE
http://www.uniprot.org/uniprot/P9WGU1,QDPEGWGKSPGFGTT
http://www.uniprot.org/uniprot/P9WNK5,QGQWRGAAGTAAQAA
http://www.uniprot.org/uniprot/P9WIN9,QNAGGTHPTTTYKAF
http://www.uniprot.org/uniprot/P9WQP1,QSGGNNSPAVYLLDG
http://www.uniprot.org/uniprot/P9WGT7,QSGLGDNGYIPIPDE
http://www.uniprot.org/uniprot/P9WQP1,QSSFYSDWYSPACGK
,QSVCPILAEPGGSFN
http://www.uniprot.org/uniprot/P9WI79,QVGSQFGPYQLLRLL
http://www.uniprot.org/uniprot/P9WIP1,QVVLGWKVSDLKSST
http://www.uniprot.org/uniprot/O53673,RGEHRDEHTQDAGDK
http://www.uniprot.org/uniprot/P9WGU1,RGLGEAQLGNSSGNF
http://www.uniprot.org/uniprot/P9WJQ9,RGLRAAAEAGVRLAF
http://www.uniprot.org/uniprot/P9WN09,RHGLSSLGWNLCRIF
http://www.uniprot.org/uniprot/O53611,RIFYKDAFAKHQELF
http://www.uniprot.org/uniprot/P9WPE7,RKVVVTKDETTIVEG
http://www.uniprot.org/uniprot/P9WFR1,RRFPLPDVPWTRFFG
http://www.uniprot.org/uniprot/P9WGT9,RSCPGYTLDYNANGS
http://www.uniprot.org/uniprot/P9WGT7,SAAAKNTPGSITYNE
http://www.uniprot.org/uniprot/P9WQP1,SAAIGLSMAGSSAMI
http://www.uniprot.org/uniprot/P9WGT9,SAERCGSPAWDLPTV
http://www.uniprot.org/uniprot/O53692,SAFAAKAGLMRHTIG
http://www.uniprot.org/uniprot/P9WHE3,SEFDVILEAAGDKKI
http://www.uniprot.org/uniprot/P9WPE7,SKVSTVKDLLPLLEK
http://www.uniprot.org/uniprot/I6Y231,SPHPLLTHAVEQTGR
http://www.uniprot.org/uniprot/P9WFC9,SVPANVSRRAKVDVL
http://www.uniprot.org/uniprot/I6Y231,TAALRAAEDDCPPPG
http://www.uniprot.org/uniprot/P9WGU1,TAQTLQAFLHWAITD
http://www.uniprot.org/uniprot/P9WIN9,TAVVLLCCSGVATAA
http://www.uniprot.org/uniprot/P9WK17,TCELFSRVEDVLGLP
http://www.uniprot.org/uniprot/P9WK17,TDVIPETDGAEKGPT
http://www.uniprot.org/uniprot/Q6MWX9,TGGGGGSGFSNSGSG
http://www.uniprot.org/uniprot/P9WJD3,TGNMISNQAKYVSDT
http://www.uniprot.org/uniprot/P9WK17,TIEQLLTIPLAKELA
http://www.uniprot.org/uniprot/P9WGU1,TLQAFLHWAITDGNK
http://www.uniprot.org/uniprot/P9WIN9,TNDGVIFFFNPGELL
http://www.uniprot.org/uniprot/Q6MWX9,TPPAPAPPPFRLPLL
http://www.uniprot.org/uniprot/P9WQP1,TSELPQWLSANRAVK
http://www.uniprot.org/uniprot/P9WGY9,TSEQIVERFGFSEIM
http://www.uniprot.org/uniprot/P9WFR1,TVIAATAGRNHLKNV
http://www.uniprot.org/uniprot/O07175,TWQTKSGGTRTGNVT
http://www.uniprot.org/uniprot/P9WP43,VALFGEPSSGFSSML
http://www.uniprot.org/uniprot/P9WJQ9,VCAVDMPYLTVELIE
http://www.uniprot.org/uniprot/O33192,VFGGAASCAAPIQAD
http://www.uniprot.org/uniprot/P9WFC9,VGNVGLSTIAGRLLG
http://www.uniprot.org/uniprot/P9WPE5,VGPGRWDEDGEKRIP
http://www.uniprot.org/uniprot/P9WJD3,VGQVTATMGQLQQLV
http://www.uniprot.org/uniprot/I6Y231,VHNVAALPGAAYCEM
http://www.uniprot.org/uniprot/P9WFR1,VLCNGGSPTTQQALA
http://www.uniprot.org/uniprot/P9WPQ1,VLLESMKMEIPVLAE
http://www.uniprot.org/uniprot/P9WGY9,VRERMTTQDVEAITP
http://www.uniprot.org/uniprot/P9WN09,VRRRHGLSSLGWNLC
http://www.uniprot.org/uniprot/P9WMK1,VSVAVSEGKPTEKHI
http://www.uniprot.org/uniprot/P9WNF5,VTVTGQGNSLKVGNA
http://www.uniprot.org/uniprot/P9WQP1,WGPSSDPAWERNDPT
http://www.uniprot.org/uniprot/O53519,WISEYKEVEILEADD
http://www.uniprot.org/uniprot/P9WQP1,WLSANRAVKPTGSAA
http://www.uniprot.org/uniprot/Q79FE1,WRSLDVEMTAVQRSF
http://www.uniprot.org/uniprot/P9WGT9,WSFAVGKQLNMAQII
http://www.uniprot.org/uniprot/P9WPE7,YDREKLQERLAKLAG
http://www.uniprot.org/uniprot/O53611,YEEQMQDAFETGVMF
http://www.uniprot.org/uniprot/P9WNF5,YHVVAGQTSPANVVG
http://www.uniprot.org/uniprot/P9WGU1,YIGISFLDQASQRGL
http://www.uniprot.org/uniprot/P9WGT9,YNANGSGAGVTQFLN
http://www.uniprot.org/uniprot/P9WI79,YRADSVERLIAAHLM
http://www.uniprot.org/uniprot/P9WN09,YRLERPLLFALQCMP
http://www.uniprot.org/uniprot/H8HW90,YTFKEDEYPSTAYLQ
http://www.uniprot.org/uniprot/P95149,AAVQAAWAVLVAYFNRLRCGTGDY
http://www.uniprot.org/uniprot/O06608,AIWRRIRVVPFEVVIPADEQD
http://www.uniprot.org/uniprot/O05461,APYNVRRLPPPVVEP
http://www.uniprot.org/uniprot/P9WHM5,ARLVVLASGTGSLLR
http://www.uniprot.org/uniprot/P9WNK5,AVVRFQEAANKQK
http://www.uniprot.org/uniprot/O05461,DDLVGAGVIDAVA
http://www.uniprot.org/uniprot/P9WQM5,DKVLPLVAIVVSVGLAVSYD
http://www.uniprot.org/uniprot/P95149,DRYRHLVALSITDFGAAGPRSSWRA
http://www.uniprot.org/uniprot/P9WGU1,EHLKLNGKVLAAMYQ
http://www.uniprot.org/uniprot/P9WHM5,ETLHERIKVTERRLLVAAVAALATH
http://www.uniprot.org/uniprot/P9WF73,FPVVTHDEVLRLVGRRRLWGRG
http://www.uniprot.org/uniprot/P9WJC3,GDVQPAEVVAAAR
http://www.uniprot.org/uniprot/P71810,GSLIFAAVLVMLIAVLARLMMRGWR
http://www.uniprot.org/uniprot/P9WJW7,HSLLWIGVFLFLGGMAAGGCNS
http://www.uniprot.org/uniprot/P9WJW7,IMIVSLGVTASSFLFINGVAFLIPR
http://www.uniprot.org/uniprot/P96264,IPVVSVTKSVGFQLRGQSGPTTVK
http://www.uniprot.org/uniprot/P9WQM5,LTFLGFIGVLLAINLFGNRAIKWAN
,MRASPAERVDGAYAGAGPHTQSV
http://www.uniprot.org/uniprot/P96264,MVNKSRMMPAV
http://www.uniprot.org/uniprot/P9WJC1,PHVKPAALAEQPG
http://www.uniprot.org/uniprot/P9WJW7,PSWGLVVTMFAWGYLLDHVGERMV
http://www.uniprot.org/uniprot/O69703,QDVGNYDAFISIRAAIRAIESA
http://www.uniprot.org/uniprot/P9WNI7,QKVQAAGNNMAQT
http://www.uniprot.org/uniprot/P9WF43,RALKRRNARTKAR
http://www.uniprot.org/uniprot/P71810,RGVAGKVVAGIGILAIRWRLPSGT
http://www.uniprot.org/uniprot/P9WJW7,SPYRGSSILWRIHAASALLMMP
http://www.uniprot.org/uniprot/P95149,TTIFPDHVVGRVGALLALAALIHRD
http://www.uniprot.org/uniprot/P9WJW7,VTVTFMLVWLINHHGWSVAQ
http://www.uniprot.org/uniprot/P9WI37,VVHPAVVQANRVRTWLLAVSNVFGQ
http://www.uniprot.org/uniprot/O06404,FPGWQPGMPTIPTAPPTTPV
http://www.uniprot.org/uniprot/O06404,LQDSGVHDVAVISEAQAATA
http://www.uniprot.org/uniprot/O06404,LSVVGDPDAPPTMVAVAPVA
http://www.uniprot.org/uniprot/O06404,PIPVPIIIPPFPGWQPGMPT
http://www.uniprot.org/uniprot/P9WPE7,TLVVNKIRGTFKSVAVKAPG
http://www.uniprot.org/uniprot/P96402,AHAIALFLNQVHRSRAQFAK
http://www.uniprot.org/uniprot/P96402,ARPADYMLALSVAGGSLPVV
http://www.uniprot.org/uniprot/P96402,GSRDCVIPVEQARSFVERLR
http://www.uniprot.org/uniprot/P96402,IAVAGCSAGGHLSALAGLTA
http://www.uniprot.org/uniprot/P96402,NDPQYQAELPEGSDTSVDAV
http://www.uniprot.org/uniprot/P96402,TAIGVWGARHASDFLSATAK
http://www.uniprot.org/uniprot/P9WNK7,KWDAT
http://www.uniprot.org/uniprot/P9WQP1,GHNAVFN
http://www.uniprot.org/uniprot/P0A4V2,GHNAVFNC
http://www.uniprot.org/uniprot/P9WQP1,PVEYLQVPS
http://www.uniprot.org/uniprot/P9WNK7,AAWGGSGSEAYQGVQQKWDATA
http://www.uniprot.org/uniprot/P9WP43,NYPASDDYRASASNGSDDASAH
http://www.uniprot.org/uniprot/P9WIN9,PKTYCEELKGTDTGQACQ
http://www.uniprot.org/uniprot/P9WNK5,RFQEAANKQKQELDEISTNIRQA
http://www.uniprot.org/uniprot/P9WIN9,SAATSSTPREAPYELN
http://www.uniprot.org/uniprot/P9WNK5,VQYSRADEEQQQAL
http://www.uniprot.org/uniprot/P9WNK7,VTSIHSLLDEGKQSLTKL
http://www.uniprot.org/uniprot/P9WIM9,ALDITLPMPPR
http://www.uniprot.org/uniprot/P9WIM9,WTQVPDPNVPDAFVVIADR
